,filename,bcs,id
0,120_20201222_541.npy,375,120_20201222
1,120_20210112_897.npy,375,120_20210112
2,120_20210119_627.npy,350,120_20210119
3,120_20210126_847.npy,350,120_20210126
4,120_20210202_687.npy,350,120_20210202
5,120_20210209_568.npy,350,120_20210209
6,120_20210216_671.npy,350,120_20210216
7,120_20210223_589.npy,350,120_20210223
8,120_20210302_976.npy,350,120_20210302
9,122_20210126_717.npy,325,122_20210126
10,122_20210202_675.npy,325,122_20210202
11,122_20210209_932.npy,325,122_20210209
12,122_20210219_1378.npy,300,122_20210219
13,122_20210226_666.npy,300,122_20210226
14,122_20210305_789.npy,275,122_20210305
15,122_20210312_637.npy,275,122_20210312
16,122_20210319_607.npy,275,122_20210319
17,122_20210326_918.npy,275,122_20210326
18,122_20210402_841.npy,275,122_20210402
19,122_20210409_653.npy,275,122_20210409
20,131_20201222_1383.npy,375,131_20201222
21,131_20201229_568.npy,350,131_20201229
22,131_20210105_686.npy,350,131_20210105
23,131_20210119_661.npy,375,131_20210119
24,131_20210126_927.npy,350,131_20210126
25,131_20210202_671.npy,350,131_20210202
26,131_20210209_607.npy,350,131_20210209
27,131_20210216_787.npy,350,131_20210216
28,131_20210223_1046.npy,350,131_20210223
29,131_20210302_778.npy,350,131_20210302
30,131_20210309_683.npy,325,131_20210309
31,154_20210105_835.npy,350,154_20210105
32,154_20210112_1001.npy,350,154_20210112
33,154_20210119_705.npy,375,154_20210119
34,154_20210202_758.npy,375,154_20210202
35,154_20210209_481.npy,350,154_20210209
36,154_20210216_669.npy,375,154_20210216
37,154_20210223_864.npy,375,154_20210223
38,154_20210302_872.npy,375,154_20210302
39,154_20210309_658.npy,375,154_20210309
40,154_20210316_692.npy,375,154_20210316
41,154_20210323_709.npy,400,154_20210323
42,158_20210209_712.npy,400,158_20210209
43,158_20210216_584.npy,400,158_20210216
44,158_20210223_740.npy,425,158_20210223
45,158_20210305_584.npy,400,158_20210305
46,158_20210312_430.npy,375,158_20210312
47,158_20210319_728.npy,350,158_20210319
48,158_20210326_723.npy,350,158_20210326
49,158_20210402_789.npy,350,158_20210402
50,158_20210409_662.npy,350,158_20210409
51,158_20210416_743.npy,350,158_20210416
52,158_20210423_611.npy,300,158_20210423
53,163_20210316_731.npy,450,163_20210316
54,163_20210323_1152.npy,450,163_20210323
55,163_20210330_581.npy,450,163_20210330
56,163_20210413_854.npy,375,163_20210413
57,163_20210420_1056.npy,325,163_20210420
58,163_20210427_926.npy,350,163_20210427
59,163_20210504_662.npy,325,163_20210504
60,163_20210511_1059.npy,325,163_20210511
61,163_20210518_797.npy,325,163_20210518
62,163_20210525_611.npy,300,163_20210525
63,163_20210601_819.npy,300,163_20210601
64,165_20201229_572.npy,400,165_20201229
65,165_20210105_742.npy,400,165_20210105
66,165_20210119_565.npy,400,165_20210119
67,165_20210126_659.npy,375,165_20210126
68,165_20210202_777.npy,400,165_20210202
69,165_20210209_654.npy,375,165_20210209
70,165_20210216_617.npy,350,165_20210216
71,165_20210223_660.npy,375,165_20210223
72,165_20210302_693.npy,375,165_20210302
73,165_20210309_994.npy,375,165_20210309
74,168_20201222_532.npy,350,168_20201222
75,168_20210112_1127.npy,375,168_20210112
76,168_20210119_751.npy,325,168_20210119
77,168_20210126_720.npy,375,168_20210126
78,168_20210202_748.npy,375,168_20210202
79,168_20210209_691.npy,350,168_20210209
80,168_20210216_707.npy,375,168_20210216
81,168_20210223_740.npy,375,168_20210223
82,168_20210302_524.npy,350,168_20210302
83,170_20201229_464.npy,350,170_20201229
84,170_20210105_520.npy,375,170_20210105
85,170_20210119_705.npy,350,170_20210119
86,170_20210126_803.npy,325,170_20210126
87,170_20210202_705.npy,325,170_20210202
88,170_20210209_637.npy,325,170_20210209
89,170_20210216_544.npy,325,170_20210216
90,170_20210223_969.npy,300,170_20210223
91,170_20210302_684.npy,325,170_20210302
92,170_20210309_719.npy,350,170_20210309
93,173_20210223_757.npy,400,173_20210223
94,173_20210302_758.npy,375,173_20210302
95,173_20210309_652.npy,425,173_20210309
96,173_20210323_842.npy,425,173_20210323
97,173_20210330_712.npy,400,173_20210330
98,173_20210406_775.npy,375,173_20210406
99,173_20210413_954.npy,350,173_20210413
100,173_20210420_794.npy,350,173_20210420
101,173_20210427_763.npy,325,173_20210427
102,173_20210504_1260.npy,325,173_20210504
103,173_20210511_674.npy,325,173_20210511
104,7571_20210316_542.npy,425,7571_20210316
105,7571_20210323_845.npy,375,7571_20210323
106,7571_20210330_1472.npy,350,7571_20210330
107,7571_20210416_646.npy,325,7571_20210416
108,7571_20210423_396.npy,325,7571_20210423
109,7571_20210430_525.npy,325,7571_20210430
110,7571_20210507_1372.npy,325,7571_20210507
111,7571_20210514_659.npy,300,7571_20210514
112,7571_20210521_785.npy,300,7571_20210521
113,7571_20210528_600.npy,300,7571_20210528
114,7571_20210604_560.npy,300,7571_20210604
115,7718_20210309_830.npy,450,7718_20210309
116,7718_20210316_644.npy,425,7718_20210316
117,7718_20210323_688.npy,400,7718_20210323
118,7718_20210406_803.npy,400,7718_20210406
119,7718_20210413_836.npy,375,7718_20210413
120,7718_20210420_886.npy,375,7718_20210420
121,7718_20210427_724.npy,350,7718_20210427
122,7718_20210504_770.npy,325,7718_20210504
123,7718_20210511_770.npy,325,7718_20210511
124,7718_20210518_768.npy,350,7718_20210518
125,7718_20210525_773.npy,350,7718_20210525
126,7727_20201229_383.npy,375,7727_20201229
127,7727_20210105_900.npy,400,7727_20210105
128,7727_20210112_1073.npy,375,7727_20210112
129,7727_20210126_657.npy,350,7727_20210126
130,7727_20210202_626.npy,350,7727_20210202
131,7727_20210209_693.npy,350,7727_20210209
132,7727_20210216_785.npy,325,7727_20210216
133,7727_20210223_885.npy,325,7727_20210223
134,7727_20210302_616.npy,300,7727_20210302
135,7727_20210309_743.npy,300,7727_20210309
136,7727_20210316_756.npy,275,7727_20210316
137,7757_20201222_637.npy,300,7757_20201222
138,7757_20210112_569.npy,325,7757_20210112
139,7757_20210119_827.npy,250,7757_20210119
140,7757_20210126_703.npy,275,7757_20210126
141,7757_20210202_815.npy,250,7757_20210202
142,7757_20210209_573.npy,275,7757_20210209
143,7757_20210216_776.npy,275,7757_20210216
144,7757_20210223_642.npy,300,7757_20210223
145,7757_20210302_698.npy,275,7757_20210302
146,7761_20210216_587.npy,350,7761_20210216
147,7761_20210223_634.npy,375,7761_20210223
148,7761_20210302_678.npy,375,7761_20210302
149,7761_20210309_931.npy,325,7761_20210309
150,7761_20210316_824.npy,325,7761_20210316
151,7761_20210323_689.npy,300,7761_20210323
152,7761_20210330_886.npy,300,7761_20210330
153,7761_20210406_912.npy,275,7761_20210406
154,7761_20210413_682.npy,300,7761_20210413
155,7761_20210420_608.npy,275,7761_20210420
156,7761_20210427_822.npy,275,7761_20210427
157,7783_20201222_654.npy,350,7783_20201222
158,7783_20210112_934.npy,300,7783_20210112
159,7783_20210119_659.npy,275,7783_20210119
160,7783_20210126_754.npy,300,7783_20210126
161,7783_20210202_595.npy,275,7783_20210202
162,7783_20210209_614.npy,300,7783_20210209
163,7783_20210216_752.npy,300,7783_20210216
164,7783_20210223_663.npy,300,7783_20210223
165,7791_20210309_678.npy,425,7791_20210309
166,7791_20210316_674.npy,425,7791_20210316
167,7791_20210330_1111.npy,400,7791_20210330
168,7791_20210406_794.npy,375,7791_20210406
169,7791_20210413_812.npy,350,7791_20210413
170,7791_20210420_1188.npy,300,7791_20210420
171,7791_20210427_730.npy,300,7791_20210427
172,7791_20210504_889.npy,300,7791_20210504
173,7791_20210511_1126.npy,275,7791_20210511
174,7791_20210518_769.npy,300,7791_20210518
175,7889_20210309_627.npy,400,7889_20210309
176,7889_20210316_853.npy,375,7889_20210316
177,7889_20210323_655.npy,350,7889_20210323
178,7889_20210413_854.npy,300,7889_20210413
179,7889_20210420_583.npy,300,7889_20210420
180,7889_20210427_669.npy,300,7889_20210427
181,7889_20210504_724.npy,300,7889_20210504
182,7889_20210511_1280.npy,300,7889_20210511
183,7889_20210518_1067.npy,300,7889_20210518
184,7889_20210525_650.npy,300,7889_20210525
185,7889_20210601_834.npy,300,7889_20210601
186,7973_20210209_573.npy,350,7973_20210209
187,7973_20210216_549.npy,325,7973_20210216
188,7974_20201222_561.npy,325,7974_20201222
189,7974_20210112_697.npy,325,7974_20210112
190,7974_20210119_881.npy,325,7974_20210119
191,7974_20210126_737.npy,325,7974_20210126
192,7974_20210202_670.npy,300,7974_20210202
193,7974_20210209_779.npy,300,7974_20210209
194,7974_20210216_632.npy,300,7974_20210216
195,7974_20210223_688.npy,300,7974_20210223
196,7974_20210302_818.npy,275,7974_20210302
197,8008_20201223_853.npy,400,8008_20201223
198,8008_20201229_601.npy,375,8008_20201229
199,8008_20210105_828.npy,350,8008_20210105
200,8008_20210115_962.npy,350,8008_20210115
201,8008_20210122_719.npy,350,8008_20210122
202,8008_20210129_816.npy,325,8008_20210129
203,8008_20210205_845.npy,325,8008_20210205
204,8008_20210212_504.npy,300,8008_20210212
205,8008_20210219_636.npy,300,8008_20210219
206,8008_20210226_622.npy,275,8008_20210226
207,8008_20210305_676.npy,300,8008_20210305
208,8017_20210202_470.npy,375,8017_20210202
209,8017_20210209_828.npy,350,8017_20210209
210,8017_20210216_765.npy,350,8017_20210216
211,8017_20210305_791.npy,350,8017_20210305
212,8017_20210312_678.npy,300,8017_20210312
213,8017_20210319_794.npy,275,8017_20210319
214,8017_20210326_792.npy,275,8017_20210326
215,8017_20210402_844.npy,275,8017_20210402
216,8017_20210409_921.npy,275,8017_20210409
217,8017_20210416_435.npy,250,8017_20210416
218,8017_20210423_527.npy,250,8017_20210423
219,8059_20210223_850.npy,425,8059_20210223
220,8059_20210302_853.npy,425,8059_20210302
221,8059_20210309_817.npy,450,8059_20210309
222,8059_20210323_797.npy,450,8059_20210323
223,8059_20210330_696.npy,375,8059_20210330
224,8059_20210406_592.npy,375,8059_20210406
225,8059_20210413_678.npy,375,8059_20210413
226,8059_20210420_860.npy,350,8059_20210420
227,8059_20210427_708.npy,350,8059_20210427
228,8059_20210504_1404.npy,325,8059_20210504
229,8059_20210511_525.npy,325,8059_20210511
230,8062_20210302_680.npy,400,8062_20210302
231,8062_20210309_1035.npy,400,8062_20210309
232,8062_20210316_792.npy,400,8062_20210316
233,8062_20210406_652.npy,400,8062_20210406
234,8062_20210413_752.npy,350,8062_20210413
235,8062_20210420_885.npy,350,8062_20210420
236,8062_20210427_709.npy,350,8062_20210427
237,8062_20210504_1209.npy,350,8062_20210504
238,8062_20210511_938.npy,350,8062_20210511
239,8062_20210518_694.npy,350,8062_20210518
240,8062_20210525_623.npy,350,8062_20210525
241,8064_20210112_639.npy,400,8064_20210112
242,8064_20210119_580.npy,375,8064_20210119
243,8064_20210126_1225.npy,425,8064_20210126
244,8064_20210209_1007.npy,375,8064_20210209
245,8064_20210216_581.npy,350,8064_20210216
246,8064_20210223_722.npy,350,8064_20210223
247,8064_20210302_743.npy,350,8064_20210302
248,8064_20210309_1222.npy,350,8064_20210309
249,8064_20210316_495.npy,350,8064_20210316
250,8064_20210323_725.npy,350,8064_20210323
251,8064_20210330_856.npy,350,8064_20210330
252,8069_20210105_696.npy,375,8069_20210105
253,8069_20210112_719.npy,375,8069_20210112
254,8069_20210119_637.npy,350,8069_20210119
255,8069_20210209_582.npy,300,8069_20210209
256,8069_20210216_647.npy,300,8069_20210216
257,8069_20210223_702.npy,300,8069_20210223
258,8069_20210302_954.npy,300,8069_20210302
259,8069_20210309_916.npy,300,8069_20210309
260,8069_20210316_678.npy,275,8069_20210316
261,8069_20210323_1267.npy,275,8069_20210323
262,8069_20210330_779.npy,300,8069_20210330
263,8072_20210126_603.npy,375,8072_20210126
264,8072_20210202_685.npy,375,8072_20210202
265,8072_20210209_797.npy,375,8072_20210209
266,8072_20210223_1002.npy,350,8072_20210223
267,8072_20210302_814.npy,350,8072_20210302
268,8072_20210309_725.npy,300,8072_20210309
269,8072_20210316_616.npy,300,8072_20210316
270,8072_20210323_874.npy,300,8072_20210323
271,8072_20210330_1010.npy,300,8072_20210330
272,8072_20210406_616.npy,275,8072_20210406
273,8072_20210413_778.npy,275,8072_20210413
274,8076_20210209_580.npy,425,8076_20210209
275,8076_20210216_681.npy,450,8076_20210216
276,8076_20210302_669.npy,425,8076_20210302
277,8076_20210309_693.npy,450,8076_20210309
278,8076_20210316_981.npy,450,8076_20210316
279,8076_20210323_1090.npy,425,8076_20210323
280,8076_20210330_854.npy,425,8076_20210330
281,8076_20210406_975.npy,375,8076_20210406
282,8076_20210413_764.npy,375,8076_20210413
283,8076_20210420_1098.npy,375,8076_20210420
284,8081_20210126_584.npy,375,8081_20210126
285,8081_20210202_863.npy,375,8081_20210202
286,8083_20210105_501.npy,350,8083_20210105
287,8083_20210112_756.npy,350,8083_20210112
288,8083_20210119_623.npy,325,8083_20210119
289,8083_20210202_578.npy,300,8083_20210202
290,8083_20210209_538.npy,325,8083_20210209
291,8083_20210216_576.npy,275,8083_20210216
292,8083_20210223_965.npy,275,8083_20210223
293,8083_20210302_718.npy,275,8083_20210302
294,8083_20210309_501.npy,275,8083_20210309
295,8083_20210316_778.npy,275,8083_20210316
296,8083_20210323_1149.npy,250,8083_20210323
297,8089_20210126_709.npy,350,8089_20210126
298,8089_20210202_604.npy,350,8089_20210202
299,8089_20210209_628.npy,350,8089_20210209
300,8089_20210226_714.npy,325,8089_20210226
301,8089_20210305_841.npy,300,8089_20210305
302,8089_20210312_635.npy,300,8089_20210312
303,8089_20210319_729.npy,300,8089_20210319
304,8089_20210326_603.npy,275,8089_20210326
305,8089_20210402_763.npy,300,8089_20210402
306,8089_20210409_819.npy,275,8089_20210409
307,8089_20210416_719.npy,275,8089_20210416
308,8119_20210105_815.npy,325,8119_20210105
309,8119_20210112_696.npy,325,8119_20210112
310,8119_20210119_536.npy,325,8119_20210119
311,8119_20210205_854.npy,300,8119_20210205
312,8119_20210212_678.npy,300,8119_20210212
313,8119_20210219_624.npy,300,8119_20210219
314,8119_20210226_545.npy,275,8119_20210226
315,8119_20210305_994.npy,325,8119_20210305
316,8119_20210312_437.npy,300,8119_20210312
317,8119_20210319_627.npy,325,8119_20210319
318,8119_20210326_775.npy,350,8119_20210326
319,8122_20210223_827.npy,375,8122_20210223
320,8122_20210302_737.npy,350,8122_20210302
321,8122_20210309_782.npy,375,8122_20210309
322,8122_20210319_689.npy,350,8122_20210319
323,8122_20210326_881.npy,350,8122_20210326
324,8122_20210402_876.npy,300,8122_20210402
325,8122_20210409_663.npy,300,8122_20210409
326,8122_20210416_1007.npy,275,8122_20210416
327,8122_20210423_602.npy,275,8122_20210423
328,8122_20210430_645.npy,250,8122_20210430
329,8122_20210507_556.npy,275,8122_20210507
330,8194_20210216_1008.npy,425,8194_20210216
331,8194_20210223_801.npy,425,8194_20210223
332,8194_20210302_952.npy,425,8194_20210302
333,8194_20210312_481.npy,400,8194_20210312
334,8194_20210319_685.npy,425,8194_20210319
335,8194_20210326_759.npy,375,8194_20210326
336,8194_20210402_786.npy,375,8194_20210402
337,8194_20210409_611.npy,375,8194_20210409
338,8194_20210416_521.npy,375,8194_20210416
339,8194_20210423_400.npy,350,8194_20210423
340,8194_20210430_1015.npy,350,8194_20210430
341,8222_20210309_880.npy,350,8222_20210309
342,8222_20210316_643.npy,350,8222_20210316
343,8222_20210323_803.npy,325,8222_20210323
344,8222_20210402_748.npy,300,8222_20210402
345,8222_20210409_925.npy,275,8222_20210409
346,8222_20210416_672.npy,275,8222_20210416
347,8222_20210423_433.npy,250,8222_20210423
348,8222_20210430_661.npy,250,8222_20210430
349,8222_20210507_653.npy,250,8222_20210507
350,8222_20210514_510.npy,250,8222_20210514
351,8222_20210521_713.npy,250,8222_20210521
352,8317_20210216_864.npy,375,8317_20210216
353,8317_20210223_715.npy,350,8317_20210223
354,8317_20210302_619.npy,350,8317_20210302
355,8317_20210319_942.npy,325,8317_20210319
356,8317_20210326_554.npy,325,8317_20210326
357,8317_20210402_780.npy,300,8317_20210402
358,8317_20210409_891.npy,300,8317_20210409
359,8317_20210416_677.npy,275,8317_20210416
360,8317_20210423_576.npy,250,8317_20210423
361,8317_20210430_735.npy,275,8317_20210430
362,8317_20210507_707.npy,275,8317_20210507
363,8322_20201222_787.npy,325,8322_20201222
364,8322_20201229_594.npy,350,8322_20201229
365,8322_20210105_381.npy,350,8322_20210105
366,8322_20210119_853.npy,325,8322_20210119
367,8322_20210126_665.npy,325,8322_20210126
368,8322_20210202_843.npy,300,8322_20210202
369,8322_20210209_628.npy,300,8322_20210209
370,8322_20210216_649.npy,300,8322_20210216
371,8322_20210223_738.npy,300,8322_20210223
372,8322_20210302_646.npy,275,8322_20210302
373,8322_20210309_773.npy,300,8322_20210309
374,8339_20210223_703.npy,425,8339_20210223
375,8339_20210302_622.npy,425,8339_20210302
376,8339_20210309_709.npy,425,8339_20210309
377,8339_20210323_810.npy,375,8339_20210323
378,8339_20210330_697.npy,350,8339_20210330
379,8339_20210406_654.npy,350,8339_20210406
380,8339_20210413_1017.npy,300,8339_20210413
381,8339_20210420_1546.npy,275,8339_20210420
382,8339_20210427_1130.npy,300,8339_20210427
383,8339_20210504_748.npy,300,8339_20210504
384,8339_20210511_920.npy,275,8339_20210511
385,8349_20210126_718.npy,450,8349_20210126
386,8349_20210202_752.npy,425,8349_20210202
387,8349_20210209_729.npy,425,8349_20210209
388,8349_20210223_614.npy,400,8349_20210223
389,8349_20210302_891.npy,375,8349_20210302
390,8349_20210309_595.npy,375,8349_20210309
391,8349_20210316_702.npy,350,8349_20210316
392,8349_20210323_716.npy,325,8349_20210323
393,8349_20210330_671.npy,325,8349_20210330
394,8349_20210406_721.npy,325,8349_20210406
395,8349_20210413_601.npy,325,8349_20210413
396,8367_20210216_697.npy,400,8367_20210216
397,8367_20210223_566.npy,400,8367_20210223
398,8367_20210302_816.npy,400,8367_20210302
399,8367_20210323_718.npy,350,8367_20210323
400,8367_20210330_627.npy,325,8367_20210330
401,8367_20210406_828.npy,300,8367_20210406
402,8367_20210413_768.npy,275,8367_20210413
403,8367_20210420_1458.npy,250,8367_20210420
404,8367_20210427_677.npy,275,8367_20210427
405,8367_20210504_1079.npy,250,8367_20210504
406,8367_20210511_761.npy,250,8367_20210511
407,8385_20210112_918.npy,425,8385_20210112
408,8385_20210119_771.npy,375,8385_20210119
409,8385_20210126_613.npy,450,8385_20210126
410,8385_20210212_454.npy,350,8385_20210212
411,8385_20210219_857.npy,350,8385_20210219
412,8385_20210226_1291.npy,350,8385_20210226
413,8385_20210305_677.npy,350,8385_20210305
414,8385_20210312_999.npy,325,8385_20210312
415,8385_20210319_1115.npy,325,8385_20210319
416,8385_20210326_774.npy,325,8385_20210326
417,8385_20210402_775.npy,325,8385_20210402
418,8393_20210202_701.npy,400,8393_20210202
419,8393_20210209_652.npy,375,8393_20210209
420,8393_20210216_544.npy,375,8393_20210216
421,8393_20210226_701.npy,375,8393_20210226
422,8393_20210305_632.npy,325,8393_20210305
423,8393_20210312_817.npy,350,8393_20210312
424,8393_20210319_730.npy,325,8393_20210319
425,8393_20210326_738.npy,300,8393_20210326
426,8393_20210402_1252.npy,300,8393_20210402
427,8393_20210409_754.npy,275,8393_20210409
428,8393_20210416_577.npy,250,8393_20210416
429,8407_20210302_1030.npy,400,8407_20210302
430,8407_20210309_643.npy,425,8407_20210309
431,8407_20210316_761.npy,425,8407_20210316
432,8407_20210402_839.npy,350,8407_20210402
433,8407_20210409_793.npy,325,8407_20210409
434,8418_20210216_554.npy,375,8418_20210216
435,8418_20210223_1203.npy,350,8418_20210223
436,8418_20210302_886.npy,375,8418_20210302
437,8418_20210319_742.npy,350,8418_20210319
438,8418_20210326_595.npy,325,8418_20210326
439,8418_20210402_822.npy,325,8418_20210402
440,8418_20210409_831.npy,300,8418_20210409
441,8418_20210416_785.npy,300,8418_20210416
442,8418_20210423_548.npy,300,8418_20210423
443,8418_20210430_748.npy,275,8418_20210430
444,8418_20210507_745.npy,300,8418_20210507
445,8426_20201222_733.npy,425,8426_20201222
446,8426_20201229_460.npy,400,8426_20201229
447,8426_20210105_626.npy,425,8426_20210105
448,8426_20210122_959.npy,400,8426_20210122
449,8426_20210129_711.npy,400,8426_20210129
450,8426_20210205_475.npy,375,8426_20210205
451,8426_20210212_777.npy,375,8426_20210212
452,8426_20210219_658.npy,375,8426_20210219
453,8426_20210226_685.npy,350,8426_20210226
454,8426_20210305_703.npy,325,8426_20210305
455,8426_20210312_855.npy,350,8426_20210312
456,8428_20210223_664.npy,350,8428_20210223
457,8428_20210302_683.npy,350,8428_20210302
458,8428_20210309_603.npy,350,8428_20210309
459,8428_20210326_832.npy,325,8428_20210326
460,8428_20210402_725.npy,300,8428_20210402
461,8428_20210409_721.npy,300,8428_20210409
462,8428_20210416_738.npy,275,8428_20210416
463,8428_20210423_431.npy,275,8428_20210423
464,8428_20210430_496.npy,275,8428_20210430
465,8428_20210507_1360.npy,275,8428_20210507
466,8428_20210514_639.npy,250,8428_20210514
467,8431_20210302_1221.npy,450,8431_20210302
468,8431_20210309_653.npy,450,8431_20210309
469,8431_20210316_936.npy,450,8431_20210316
470,8431_20210330_1079.npy,425,8431_20210330
471,8431_20210406_1337.npy,350,8431_20210406
472,8431_20210413_1020.npy,325,8431_20210413
473,8431_20210420_685.npy,300,8431_20210420
474,8431_20210427_987.npy,325,8431_20210427
475,8431_20210504_965.npy,325,8431_20210504
476,8431_20210511_798.npy,325,8431_20210511
477,8431_20210518_682.npy,325,8431_20210518
478,8434_20210119_520.npy,325,8434_20210119
479,8434_20210126_745.npy,325,8434_20210126
480,8434_20210202_653.npy,325,8434_20210202
481,8434_20210212_566.npy,325,8434_20210212
482,8434_20210219_708.npy,300,8434_20210219
483,8434_20210226_748.npy,275,8434_20210226
484,8434_20210305_637.npy,275,8434_20210305
485,8434_20210312_610.npy,225,8434_20210312
486,8434_20210319_737.npy,225,8434_20210319
487,8434_20210326_749.npy,225,8434_20210326
488,8434_20210402_903.npy,250,8434_20210402
489,8448_20210112_685.npy,400,8448_20210112
490,8448_20210119_793.npy,350,8448_20210119
491,8448_20210126_658.npy,350,8448_20210126
492,8448_20210209_625.npy,350,8448_20210209
493,8448_20210216_670.npy,300,8448_20210216
494,8448_20210223_638.npy,325,8448_20210223
495,8448_20210302_655.npy,300,8448_20210302
496,8448_20210309_1019.npy,275,8448_20210309
497,8448_20210316_733.npy,275,8448_20210316
498,8448_20210323_985.npy,300,8448_20210323
499,8448_20210330_977.npy,275,8448_20210330
500,8454_20210216_717.npy,400,8454_20210216
501,8454_20210223_737.npy,400,8454_20210223
502,8454_20210305_740.npy,400,8454_20210305
503,8454_20210312_619.npy,375,8454_20210312
504,8454_20210319_687.npy,375,8454_20210319
505,8454_20210326_593.npy,375,8454_20210326
506,8454_20210402_849.npy,350,8454_20210402
507,8454_20210409_734.npy,350,8454_20210409
508,8454_20210416_589.npy,350,8454_20210416
509,8454_20210423_750.npy,325,8454_20210423
510,8471_20210202_617.npy,375,8471_20210202
511,8471_20210209_681.npy,375,8471_20210209
512,8471_20210216_736.npy,375,8471_20210216
513,8471_20210312_838.npy,325,8471_20210312
514,8471_20210319_584.npy,325,8471_20210319
515,8471_20210326_889.npy,325,8471_20210326
516,8471_20210402_629.npy,300,8471_20210402
517,8471_20210409_765.npy,300,8471_20210409
518,8471_20210416_524.npy,275,8471_20210416
519,8471_20210423_530.npy,275,8471_20210423
520,8471_20210430_594.npy,300,8471_20210430
521,8481_20210216_527.npy,400,8481_20210216
522,8481_20210223_795.npy,400,8481_20210223
523,8481_20210302_643.npy,400,8481_20210302
524,8481_20210312_835.npy,350,8481_20210312
525,8481_20210319_545.npy,350,8481_20210319
526,8481_20210326_999.npy,350,8481_20210326
527,8481_20210402_751.npy,325,8481_20210402
528,8481_20210409_1102.npy,325,8481_20210409
529,8481_20210416_566.npy,300,8481_20210416
530,8481_20210423_562.npy,300,8481_20210423
531,8481_20210430_637.npy,300,8481_20210430
532,8509_20210112_1032.npy,375,8509_20210112
533,8509_20210119_984.npy,375,8509_20210119
534,8509_20210126_756.npy,350,8509_20210126
535,8509_20210216_604.npy,350,8509_20210216
536,8509_20210223_601.npy,300,8509_20210223
537,8509_20210302_1166.npy,325,8509_20210302
538,8509_20210309_595.npy,300,8509_20210309
539,8509_20210316_640.npy,300,8509_20210316
540,8509_20210323_636.npy,300,8509_20210323
541,8509_20210330_807.npy,300,8509_20210330
542,8509_20210406_681.npy,275,8509_20210406
543,8522_20210202_574.npy,300,8522_20210202
544,8522_20210209_689.npy,325,8522_20210209
545,8522_20210216_930.npy,325,8522_20210216
546,8522_20210226_635.npy,325,8522_20210226
547,8522_20210305_915.npy,300,8522_20210305
548,8522_20210312_602.npy,275,8522_20210312
549,8522_20210319_906.npy,275,8522_20210319
550,8522_20210326_720.npy,300,8522_20210326
551,8522_20210402_889.npy,275,8522_20210402
552,8522_20210409_714.npy,275,8522_20210409
553,8522_20210416_483.npy,250,8522_20210416
554,8523_20210126_862.npy,450,8523_20210126
555,8523_20210202_900.npy,425,8523_20210202
556,8523_20210209_760.npy,425,8523_20210209
557,8523_20210216_565.npy,425,8523_20210216
558,8523_20210223_797.npy,400,8523_20210223
559,8523_20210302_994.npy,400,8523_20210302
560,8523_20210309_744.npy,375,8523_20210309
561,8523_20210316_771.npy,400,8523_20210316
562,8523_20210323_697.npy,400,8523_20210323
563,8523_20210330_787.npy,400,8523_20210330
564,8523_20210406_920.npy,375,8523_20210406
565,8534_20210316_565.npy,450,8534_20210316
566,8534_20210323_1093.npy,450,8534_20210323
567,8534_20210330_660.npy,450,8534_20210330
568,8534_20210409_605.npy,375,8534_20210409
569,8534_20210416_645.npy,375,8534_20210416
570,8534_20210423_425.npy,325,8534_20210423
571,8534_20210430_616.npy,325,8534_20210430
572,8534_20210507_827.npy,350,8534_20210507
573,8534_20210514_727.npy,325,8534_20210514
574,8534_20210521_670.npy,350,8534_20210521
575,8534_20210528_480.npy,325,8534_20210528
576,8655_20201222_807.npy,375,8655_20201222
577,8655_20201229_607.npy,350,8655_20201229
578,8655_20210105_738.npy,350,8655_20210105
579,8655_20210122_764.npy,325,8655_20210122
580,8655_20210129_684.npy,325,8655_20210129
581,8655_20210205_840.npy,325,8655_20210205
582,8655_20210212_567.npy,325,8655_20210212
583,8655_20210219_777.npy,300,8655_20210219
584,8655_20210226_735.npy,300,8655_20210226
585,8655_20210305_756.npy,275,8655_20210305
586,8655_20210312_689.npy,250,8655_20210312
587,8679_20210112_735.npy,400,8679_20210112
588,8679_20210119_802.npy,375,8679_20210119
589,8679_20210126_880.npy,350,8679_20210126
590,8679_20210209_796.npy,350,8679_20210209
591,8679_20210216_613.npy,325,8679_20210216
592,8679_20210223_671.npy,325,8679_20210223
593,8679_20210302_974.npy,325,8679_20210302
594,8679_20210309_620.npy,300,8679_20210309
595,8679_20210316_741.npy,275,8679_20210316
596,8679_20210323_908.npy,275,8679_20210323
597,8679_20210330_699.npy,300,8679_20210330
598,8682_20210202_669.npy,375,8682_20210202
599,8682_20210209_674.npy,350,8682_20210209
600,8682_20210216_929.npy,350,8682_20210216
601,8682_20210302_650.npy,350,8682_20210302
602,8682_20210309_793.npy,325,8682_20210309
603,8682_20210316_809.npy,300,8682_20210316
604,8682_20210323_1010.npy,275,8682_20210323
605,8682_20210330_692.npy,275,8682_20210330
606,8682_20210406_704.npy,275,8682_20210406
607,8682_20210413_826.npy,275,8682_20210413
608,8682_20210420_1626.npy,250,8682_20210420
609,8693_20210202_645.npy,425,8693_20210202
610,8693_20210209_736.npy,400,8693_20210209
611,8693_20210216_673.npy,400,8693_20210216
612,8693_20210226_741.npy,400,8693_20210226
613,8693_20210305_766.npy,400,8693_20210305
614,8693_20210312_588.npy,375,8693_20210312
615,8693_20210319_582.npy,400,8693_20210319
616,8693_20210326_670.npy,375,8693_20210326
617,8693_20210402_783.npy,375,8693_20210402
618,8693_20210409_949.npy,350,8693_20210409
619,8693_20210416_617.npy,350,8693_20210416
620,8699_20210119_735.npy,375,8699_20210119
621,8699_20210126_799.npy,375,8699_20210126
622,8699_20210202_626.npy,375,8699_20210202
623,8699_20210209_458.npy,375,8699_20210209
624,8699_20210216_531.npy,350,8699_20210216
625,8699_20210223_704.npy,325,8699_20210223
626,8699_20210302_662.npy,325,8699_20210302
627,8699_20210309_684.npy,325,8699_20210309
628,8699_20210316_693.npy,300,8699_20210316
629,8699_20210323_685.npy,325,8699_20210323
630,8699_20210330_664.npy,300,8699_20210330
631,8703_20201229_503.npy,350,8703_20201229
632,8703_20210105_833.npy,325,8703_20210105
633,8703_20210112_617.npy,325,8703_20210112
634,8703_20210122_1328.npy,325,8703_20210122
635,8703_20210129_642.npy,325,8703_20210129
636,8703_20210205_870.npy,300,8703_20210205
637,8703_20210212_710.npy,275,8703_20210212
638,8703_20210219_685.npy,300,8703_20210219
639,8703_20210226_656.npy,300,8703_20210226
640,8703_20210305_781.npy,275,8703_20210305
641,8703_20210312_568.npy,275,8703_20210312
642,8714_20210105_852.npy,400,8714_20210105
643,8714_20210112_840.npy,375,8714_20210112
644,8714_20210119_720.npy,375,8714_20210119
645,8714_20210209_585.npy,325,8714_20210209
646,8714_20210216_1282.npy,325,8714_20210216
647,8714_20210223_620.npy,325,8714_20210223
648,8714_20210302_904.npy,300,8714_20210302
649,8714_20210309_745.npy,325,8714_20210309
650,8714_20210316_1042.npy,300,8714_20210316
651,8714_20210323_747.npy,325,8714_20210323
652,8714_20210330_796.npy,325,8714_20210330
653,8726_20210112_1136.npy,375,8726_20210112
654,8726_20210119_513.npy,350,8726_20210119
655,8726_20210126_737.npy,375,8726_20210126
656,8726_20210209_597.npy,325,8726_20210209
657,8726_20210216_637.npy,325,8726_20210216
658,8726_20210223_674.npy,300,8726_20210223
659,8726_20210302_704.npy,300,8726_20210302
660,8726_20210309_879.npy,300,8726_20210309
661,8726_20210316_612.npy,275,8726_20210316
662,8726_20210323_1327.npy,275,8726_20210323
663,8726_20210330_710.npy,275,8726_20210330
664,8767_20210112_634.npy,350,8767_20210112
665,8767_20210119_726.npy,350,8767_20210119
666,8767_20210126_856.npy,350,8767_20210126
667,8767_20210209_723.npy,325,8767_20210209
668,8767_20210216_671.npy,325,8767_20210216
669,8767_20210223_774.npy,325,8767_20210223
670,8767_20210302_525.npy,350,8767_20210302
671,8767_20210309_1030.npy,350,8767_20210309
672,8767_20210316_763.npy,350,8767_20210316
673,8767_20210323_1357.npy,325,8767_20210323
674,8767_20210330_600.npy,325,8767_20210330
675,8770_20210309_950.npy,425,8770_20210309
676,8770_20210316_882.npy,425,8770_20210316
677,8770_20210323_732.npy,450,8770_20210323
678,8770_20210413_1059.npy,350,8770_20210413
679,8770_20210420_1146.npy,350,8770_20210420
680,8770_20210427_1121.npy,350,8770_20210427
681,8770_20210504_608.npy,325,8770_20210504
682,8770_20210511_800.npy,325,8770_20210511
683,8770_20210518_545.npy,325,8770_20210518
684,8770_20210525_721.npy,325,8770_20210525
685,8770_20210601_596.npy,325,8770_20210601
686,8771_20210216_585.npy,350,8771_20210216
687,8771_20210223_687.npy,350,8771_20210223
688,8771_20210302_715.npy,350,8771_20210302
689,8771_20210316_810.npy,325,8771_20210316
690,8771_20210323_858.npy,300,8771_20210323
691,8771_20210330_703.npy,325,8771_20210330
692,8771_20210406_741.npy,275,8771_20210406
693,8771_20210413_924.npy,250,8771_20210413
694,8771_20210420_1263.npy,275,8771_20210420
695,8771_20210427_944.npy,275,8771_20210427
696,8771_20210504_542.npy,275,8771_20210504
697,8779_20201222_1176.npy,350,8779_20201222
698,8779_20201229_1080.npy,350,8779_20201229
699,8779_20210105_384.npy,350,8779_20210105
700,8779_20210115_888.npy,350,8779_20210115
701,8779_20210122_1054.npy,325,8779_20210122
702,8779_20210129_997.npy,350,8779_20210129
703,8779_20210205_697.npy,325,8779_20210205
704,8779_20210212_739.npy,325,8779_20210212
705,8779_20210219_679.npy,325,8779_20210219
706,8779_20210226_691.npy,325,8779_20210226
707,8779_20210305_562.npy,325,8779_20210305
708,8789_20201222_771.npy,300,8789_20201222
709,8789_20201229_470.npy,325,8789_20201229
710,8789_20210105_562.npy,325,8789_20210105
711,8789_20210115_744.npy,300,8789_20210115
712,8789_20210122_619.npy,300,8789_20210122
713,8789_20210129_1058.npy,300,8789_20210129
714,8789_20210205_791.npy,300,8789_20210205
715,8789_20210212_510.npy,275,8789_20210212
716,8789_20210219_871.npy,300,8789_20210219
717,8789_20210226_712.npy,275,8789_20210226
718,8789_20210305_803.npy,275,8789_20210305
719,8793_20201222_1126.npy,400,8793_20201222
720,8793_20210119_520.npy,400,8793_20210119
721,8793_20210126_774.npy,375,8793_20210126
722,8793_20210202_860.npy,375,8793_20210202
723,8793_20210209_539.npy,350,8793_20210209
724,8793_20210216_581.npy,325,8793_20210216
725,8793_20210223_687.npy,325,8793_20210223
726,8793_20210302_591.npy,300,8793_20210302
727,8793_20210309_743.npy,300,8793_20210309
728,8797_20201222_508.npy,325,8797_20201222
729,8797_20201229_730.npy,300,8797_20201229
730,8797_20210105_964.npy,325,8797_20210105
731,8797_20210119_765.npy,300,8797_20210119
732,8797_20210126_614.npy,300,8797_20210126
733,8797_20210202_617.npy,275,8797_20210202
734,8797_20210209_700.npy,275,8797_20210209
735,8797_20210216_875.npy,275,8797_20210216
736,8797_20210223_677.npy,250,8797_20210223
737,8797_20210302_751.npy,275,8797_20210302
738,8797_20210309_676.npy,275,8797_20210309
739,8801_20210302_573.npy,300,8801_20210302
740,8801_20210309_994.npy,300,8801_20210309
741,8801_20210316_705.npy,275,8801_20210316
742,8801_20210330_658.npy,250,8801_20210330
743,8801_20210406_1055.npy,250,8801_20210406
744,8801_20210413_1167.npy,225,8801_20210413
745,8801_20210420_1362.npy,225,8801_20210420
746,8801_20210427_868.npy,250,8801_20210427
747,8801_20210504_800.npy,225,8801_20210504
748,8801_20210511_1341.npy,225,8801_20210511
749,8801_20210518_828.npy,225,8801_20210518
750,8804_20210209_429.npy,375,8804_20210209
751,8804_20210216_746.npy,375,8804_20210216
752,8804_20210223_783.npy,350,8804_20210223
753,8804_20210305_851.npy,350,8804_20210305
754,8804_20210312_735.npy,300,8804_20210312
755,8804_20210319_673.npy,300,8804_20210319
756,8804_20210326_599.npy,300,8804_20210326
757,8804_20210402_717.npy,325,8804_20210402
758,8804_20210409_808.npy,275,8804_20210409
759,8804_20210416_590.npy,300,8804_20210416
760,8804_20210423_476.npy,300,8804_20210423
761,8809_20210302_822.npy,350,8809_20210302
762,8820_20210223_699.npy,425,8820_20210223
763,8820_20210302_593.npy,425,8820_20210302
764,8820_20210309_709.npy,450,8820_20210309
765,8820_20210319_753.npy,450,8820_20210319
766,8820_20210326_719.npy,400,8820_20210326
767,8820_20210402_806.npy,350,8820_20210402
768,8820_20210409_1138.npy,350,8820_20210409
769,8820_20210416_562.npy,325,8820_20210416
770,8820_20210423_511.npy,325,8820_20210423
771,8820_20210430_566.npy,325,8820_20210430
772,8820_20210507_945.npy,300,8820_20210507
773,8822_20201229_452.npy,325,8822_20201229
774,8822_20210105_603.npy,350,8822_20210105
775,8825_20210112_726.npy,400,8825_20210112
776,8825_20210119_632.npy,400,8825_20210119
777,8825_20210126_710.npy,375,8825_20210126
778,8825_20210202_757.npy,350,8825_20210202
779,8825_20210209_705.npy,375,8825_20210209
780,8825_20210216_764.npy,325,8825_20210216
781,8825_20210223_948.npy,325,8825_20210223
782,8825_20210302_732.npy,325,8825_20210302
783,8825_20210309_812.npy,325,8825_20210309
784,8825_20210316_630.npy,300,8825_20210316
785,8825_20210323_842.npy,300,8825_20210323
786,8826_20210316_564.npy,375,8826_20210316
787,8826_20210323_726.npy,400,8826_20210323
788,8826_20210330_1118.npy,400,8826_20210330
789,8826_20210416_642.npy,350,8826_20210416
790,8826_20210423_663.npy,325,8826_20210423
791,8826_20210430_612.npy,325,8826_20210430
792,8826_20210507_709.npy,325,8826_20210507
793,8826_20210514_986.npy,300,8826_20210514
794,8826_20210521_761.npy,300,8826_20210521
795,8826_20210528_577.npy,300,8826_20210528
796,8826_20210604_541.npy,300,8826_20210604
797,8828_20210216_615.npy,375,8828_20210216
798,8828_20210223_619.npy,400,8828_20210223
799,8828_20210302_689.npy,375,8828_20210302
800,8828_20210312_704.npy,275,8828_20210312
801,8828_20210319_768.npy,375,8828_20210319
802,8828_20210326_659.npy,350,8828_20210326
803,8828_20210402_534.npy,350,8828_20210402
804,8828_20210409_1051.npy,325,8828_20210409
805,8828_20210416_498.npy,300,8828_20210416
806,8828_20210423_600.npy,300,8828_20210423
807,8828_20210430_605.npy,300,8828_20210430
808,8857_20210112_999.npy,425,8857_20210112
809,8857_20210119_1060.npy,400,8857_20210119
810,8857_20210126_741.npy,400,8857_20210126
811,8857_20210209_732.npy,400,8857_20210209
812,8857_20210216_595.npy,350,8857_20210216
813,8857_20210223_867.npy,350,8857_20210223
814,8857_20210302_701.npy,350,8857_20210302
815,8857_20210309_711.npy,350,8857_20210309
816,8857_20210316_832.npy,325,8857_20210316
817,8857_20210323_727.npy,325,8857_20210323
818,8857_20210330_840.npy,300,8857_20210330
819,8864_20210209_622.npy,350,8864_20210209
820,8864_20210216_845.npy,350,8864_20210216
821,8864_20210223_781.npy,350,8864_20210223
822,8864_20210305_888.npy,325,8864_20210305
823,8864_20210312_596.npy,300,8864_20210312
824,8864_20210319_683.npy,300,8864_20210319
825,8864_20210326_836.npy,300,8864_20210326
826,8864_20210402_749.npy,275,8864_20210402
827,8864_20210409_690.npy,275,8864_20210409
828,8864_20210416_655.npy,275,8864_20210416
829,8864_20210423_589.npy,250,8864_20210423
830,8869_20210209_946.npy,375,8869_20210209
831,8869_20210216_670.npy,400,8869_20210216
832,8869_20210223_681.npy,400,8869_20210223
833,8869_20210302_675.npy,400,8869_20210302
834,8869_20210309_677.npy,400,8869_20210309
835,8869_20210316_938.npy,375,8869_20210316
836,8869_20210323_858.npy,375,8869_20210323
837,8869_20210330_520.npy,350,8869_20210330
838,8869_20210406_1107.npy,350,8869_20210406
839,8869_20210413_953.npy,350,8869_20210413
840,8869_20210420_1513.npy,300,8869_20210420
841,8900_20210316_557.npy,375,8900_20210316
842,8900_20210323_1097.npy,375,8900_20210323
843,8900_20210330_1523.npy,400,8900_20210330
844,8900_20210416_521.npy,325,8900_20210416
845,8900_20210423_557.npy,325,8900_20210423
846,8900_20210430_891.npy,325,8900_20210430
847,8900_20210507_695.npy,325,8900_20210507
848,8900_20210514_692.npy,300,8900_20210514
849,8900_20210521_845.npy,300,8900_20210521
850,8900_20210528_550.npy,275,8900_20210528
851,8900_20210604_657.npy,300,8900_20210604
852,9023_20201222_572.npy,400,9023_20201222
853,9078_20210209_615.npy,425,9078_20210209
854,9078_20210216_639.npy,400,9078_20210216
855,9078_20210223_763.npy,400,9078_20210223
856,9078_20210305_1007.npy,425,9078_20210305
857,9078_20210312_644.npy,325,9078_20210312
858,9078_20210319_632.npy,350,9078_20210319
859,9078_20210326_939.npy,325,9078_20210326
860,9078_20210402_845.npy,325,9078_20210402
861,9078_20210409_907.npy,300,9078_20210409
862,9078_20210416_496.npy,300,9078_20210416
863,9078_20210423_590.npy,300,9078_20210423
864,9089_20210216_731.npy,325,9089_20210216
865,9089_20210223_829.npy,325,9089_20210223
866,9089_20210302_747.npy,350,9089_20210302
867,9090_20201222_783.npy,325,9090_20201222
868,9090_20201229_616.npy,325,9090_20201229
869,9090_20210105_541.npy,325,9090_20210105
870,9090_20210115_621.npy,325,9090_20210115
871,9090_20210122_851.npy,325,9090_20210122
872,9090_20210129_938.npy,350,9090_20210129
873,9090_20210205_729.npy,325,9090_20210205
874,9090_20210212_675.npy,300,9090_20210212
875,9090_20210219_644.npy,325,9090_20210219
876,9090_20210226_840.npy,325,9090_20210226
877,9090_20210305_905.npy,325,9090_20210305
878,9098_20201229_504.npy,325,9098_20201229
879,9098_20210105_661.npy,325,9098_20210105
880,9098_20210112_840.npy,350,9098_20210112
881,9098_20210122_722.npy,325,9098_20210122
882,9098_20210129_803.npy,325,9098_20210129
883,9098_20210205_872.npy,300,9098_20210205
884,9098_20210212_915.npy,300,9098_20210212
885,9098_20210219_783.npy,300,9098_20210219
886,9098_20210226_820.npy,300,9098_20210226
887,9098_20210305_709.npy,300,9098_20210305
888,9098_20210312_844.npy,275,9098_20210312
889,9116_20201222_478.npy,325,9116_20201222
890,9116_20210112_742.npy,350,9116_20210112
891,9116_20210119_603.npy,325,9116_20210119
892,9116_20210126_591.npy,325,9116_20210126
893,9116_20210202_669.npy,325,9116_20210202
894,9116_20210209_778.npy,325,9116_20210209
895,9116_20210216_673.npy,300,9116_20210216
896,9116_20210223_728.npy,300,9116_20210223
897,9116_20210302_753.npy,300,9116_20210302
898,9125_20210105_554.npy,350,9125_20210105
899,9125_20210112_698.npy,350,9125_20210112
900,9125_20210119_576.npy,375,9125_20210119
901,9125_20210202_680.npy,375,9125_20210202
902,9125_20210209_518.npy,350,9125_20210209
903,9125_20210216_648.npy,350,9125_20210216
904,9125_20210223_677.npy,350,9125_20210223
905,9125_20210302_709.npy,325,9125_20210302
906,9125_20210309_650.npy,325,9125_20210309
907,9125_20210316_729.npy,300,9125_20210316
908,9125_20210323_1190.npy,300,9125_20210323
909,9134_20210316_676.npy,375,9134_20210316
910,9134_20210323_819.npy,350,9134_20210323
911,9134_20210330_744.npy,375,9134_20210330
912,9134_20210409_643.npy,325,9134_20210409
913,9134_20210416_1374.npy,275,9134_20210416
914,9134_20210423_492.npy,275,9134_20210423
915,9134_20210430_660.npy,275,9134_20210430
916,9134_20210507_1101.npy,275,9134_20210507
917,9134_20210514_714.npy,275,9134_20210514
918,9134_20210521_744.npy,275,9134_20210521
919,9134_20210528_606.npy,275,9134_20210528
920,9149_20210105_617.npy,325,9149_20210105
921,9149_20210112_758.npy,325,9149_20210112
922,9149_20210119_770.npy,350,9149_20210119
923,9149_20210202_795.npy,325,9149_20210202
924,9149_20210209_712.npy,325,9149_20210209
925,9149_20210216_633.npy,325,9149_20210216
926,9149_20210223_627.npy,300,9149_20210223
927,9149_20210302_474.npy,300,9149_20210302
928,9149_20210309_788.npy,300,9149_20210309
929,9149_20210316_647.npy,275,9149_20210316
930,9149_20210323_793.npy,300,9149_20210323
931,9151_20210209_631.npy,375,9151_20210209
932,9151_20210216_712.npy,375,9151_20210216
933,9151_20210223_698.npy,350,9151_20210223
934,9151_20210316_579.npy,350,9151_20210316
935,9151_20210323_741.npy,325,9151_20210323
936,9151_20210330_1027.npy,300,9151_20210330
937,9151_20210406_856.npy,300,9151_20210406
938,9151_20210413_1215.npy,275,9151_20210413
939,9151_20210420_1183.npy,275,9151_20210420
940,9151_20210427_675.npy,275,9151_20210427
941,9151_20210504_708.npy,300,9151_20210504
942,9154_20210316_706.npy,325,9154_20210316
943,9154_20210323_746.npy,300,9154_20210323
944,9154_20210330_1309.npy,325,9154_20210330
945,9154_20210416_642.npy,300,9154_20210416
946,9154_20210423_523.npy,275,9154_20210423
947,9154_20210430_725.npy,250,9154_20210430
948,9154_20210507_682.npy,250,9154_20210507
949,9154_20210514_736.npy,250,9154_20210514
950,9154_20210521_629.npy,250,9154_20210521
951,9154_20210528_515.npy,250,9154_20210528
952,9154_20210604_432.npy,250,9154_20210604
953,9156_20210302_767.npy,400,9156_20210302
954,9156_20210309_785.npy,375,9156_20210309
955,9156_20210316_546.npy,375,9156_20210316
956,9156_20210323_1137.npy,350,9156_20210323
957,9156_20210330_532.npy,350,9156_20210330
958,9156_20210406_899.npy,325,9156_20210406
959,9156_20210413_702.npy,300,9156_20210413
960,9156_20210420_1375.npy,300,9156_20210420
961,9156_20210427_873.npy,300,9156_20210427
962,9156_20210504_1339.npy,300,9156_20210504
963,9156_20210511_836.npy,300,9156_20210511
964,9162_20210126_875.npy,325,9162_20210126
965,9162_20210202_790.npy,300,9162_20210202
966,9162_20210209_801.npy,325,9162_20210209
967,9162_20210223_629.npy,275,9162_20210223
968,9162_20210302_648.npy,250,9162_20210302
969,9162_20210309_754.npy,250,9162_20210309
970,9162_20210316_726.npy,225,9162_20210316
971,9162_20210323_727.npy,225,9162_20210323
972,9162_20210330_1128.npy,225,9162_20210330
973,9162_20210406_976.npy,225,9162_20210406
974,9162_20210413_681.npy,225,9162_20210413
975,9170_20210202_683.npy,450,9170_20210202
976,9170_20210209_683.npy,450,9170_20210209
977,9170_20210216_870.npy,450,9170_20210216
978,9170_20210226_803.npy,450,9170_20210226
979,9170_20210305_932.npy,400,9170_20210305
980,9170_20210312_531.npy,425,9170_20210312
981,9170_20210319_708.npy,375,9170_20210319
982,9170_20210326_764.npy,400,9170_20210326
983,9170_20210402_1489.npy,375,9170_20210402
984,9170_20210409_736.npy,350,9170_20210409
985,9170_20210416_482.npy,350,9170_20210416
986,9171_20210105_944.npy,325,9171_20210105
987,9171_20210112_934.npy,300,9171_20210112
988,9171_20210119_665.npy,325,9171_20210119
989,9171_20210202_622.npy,325,9171_20210202
990,9171_20210209_588.npy,325,9171_20210209
991,9171_20210216_744.npy,325,9171_20210216
992,9171_20210223_698.npy,250,9171_20210223
993,9171_20210302_747.npy,300,9171_20210302
994,9171_20210309_855.npy,300,9171_20210309
995,9171_20210316_715.npy,275,9171_20210316
996,9171_20210323_942.npy,300,9171_20210323
997,9175_20210209_317.npy,400,9175_20210209
998,9175_20210216_652.npy,400,9175_20210216
999,9175_20210223_640.npy,400,9175_20210223
1000,9175_20210305_821.npy,375,9175_20210305
1001,9175_20210312_886.npy,350,9175_20210312
1002,9175_20210319_795.npy,375,9175_20210319
1003,9175_20210326_660.npy,350,9175_20210326
1004,9175_20210402_1249.npy,325,9175_20210402
1005,9175_20210409_999.npy,325,9175_20210409
1006,9175_20210416_654.npy,325,9175_20210416
1007,9175_20210423_785.npy,325,9175_20210423
1008,9177_20210309_625.npy,400,9177_20210309
1009,9177_20210316_787.npy,375,9177_20210316
1010,9177_20210326_744.npy,375,9177_20210326
1011,9177_20210402_635.npy,350,9177_20210402
1012,9177_20210409_699.npy,350,9177_20210409
1013,9177_20210416_634.npy,325,9177_20210416
1014,9177_20210423_423.npy,325,9177_20210423
1015,9177_20210430_771.npy,325,9177_20210430
1016,9177_20210507_727.npy,325,9177_20210507
1017,9177_20210514_569.npy,325,9177_20210514
1018,9179_20210112_568.npy,350,9179_20210112
1019,9179_20210119_589.npy,350,9179_20210119
1020,9179_20210126_705.npy,375,9179_20210126
1021,9179_20210205_582.npy,325,9179_20210205
1022,9179_20210212_486.npy,325,9179_20210212
1023,9179_20210219_523.npy,350,9179_20210219
1024,9179_20210226_714.npy,325,9179_20210226
1025,9179_20210305_940.npy,325,9179_20210305
1026,9179_20210312_559.npy,325,9179_20210312
1027,9179_20210319_642.npy,325,9179_20210319
1028,9179_20210326_886.npy,350,9179_20210326
1029,9180_20210202_760.npy,350,9180_20210202
1030,9180_20210209_623.npy,350,9180_20210209
1031,9180_20210223_876.npy,350,9180_20210223
1032,9180_20210302_821.npy,325,9180_20210302
1033,9180_20210309_595.npy,325,9180_20210309
1034,9180_20210316_755.npy,325,9180_20210316
1035,9180_20210323_859.npy,325,9180_20210323
1036,9180_20210330_836.npy,325,9180_20210330
1037,9180_20210406_708.npy,325,9180_20210406
1038,9180_20210413_769.npy,325,9180_20210413
1039,9193_20210209_780.npy,400,9193_20210209
1040,9194_20210316_664.npy,350,9194_20210316
1041,9194_20210323_535.npy,350,9194_20210323
1042,9194_20210330_878.npy,350,9194_20210330
1043,9194_20210413_965.npy,275,9194_20210413
1044,9194_20210420_862.npy,275,9194_20210420
1045,9194_20210427_765.npy,275,9194_20210427
1046,9194_20210504_714.npy,250,9194_20210504
1047,9194_20210511_1346.npy,250,9194_20210511
1048,9194_20210518_650.npy,250,9194_20210518
1049,9194_20210525_664.npy,250,9194_20210525
1050,9194_20210601_726.npy,275,9194_20210601
1051,9198_20201229_446.npy,350,9198_20201229
1052,9198_20210105_554.npy,350,9198_20210105
1053,9198_20210112_732.npy,350,9198_20210112
1054,9198_20210122_730.npy,350,9198_20210122
1055,9198_20210129_1399.npy,325,9198_20210129
1056,9198_20210205_586.npy,300,9198_20210205
1057,9198_20210212_643.npy,300,9198_20210212
1058,9198_20210219_853.npy,300,9198_20210219
1059,9198_20210226_692.npy,300,9198_20210226
1060,9198_20210305_978.npy,325,9198_20210305
1061,9198_20210312_522.npy,300,9198_20210312
1062,9202_20210105_540.npy,350,9202_20210105
1063,9202_20210112_698.npy,325,9202_20210112
1064,9202_20210119_788.npy,325,9202_20210119
1065,9202_20210129_690.npy,350,9202_20210129
1066,9202_20210205_886.npy,350,9202_20210205
1067,9202_20210212_796.npy,325,9202_20210212
1068,9202_20210219_756.npy,300,9202_20210219
1069,9202_20210226_822.npy,300,9202_20210226
1070,9202_20210305_645.npy,300,9202_20210305
1071,9202_20210312_512.npy,300,9202_20210312
1072,9202_20210319_819.npy,300,9202_20210319
1073,9209_20210105_733.npy,300,9209_20210105
1074,9209_20210112_638.npy,275,9209_20210112
1075,9209_20210119_960.npy,300,9209_20210119
1076,9209_20210129_1073.npy,250,9209_20210129
1077,9209_20210205_416.npy,225,9209_20210205
1078,9209_20210212_619.npy,225,9209_20210212
1079,9209_20210219_747.npy,225,9209_20210219
1080,9209_20210226_930.npy,250,9209_20210226
1081,9209_20210305_916.npy,225,9209_20210305
1082,9209_20210312_606.npy,225,9209_20210312
1083,9209_20210319_758.npy,200,9209_20210319
1084,9215_20210119_686.npy,350,9215_20210119
1085,9215_20210126_719.npy,375,9215_20210126
1086,9215_20210202_753.npy,375,9215_20210202
1087,9215_20210212_564.npy,350,9215_20210212
1088,9215_20210219_561.npy,325,9215_20210219
1089,9215_20210226_1487.npy,325,9215_20210226
1090,9215_20210305_648.npy,325,9215_20210305
1091,9215_20210312_619.npy,300,9215_20210312
1092,9215_20210319_697.npy,300,9215_20210319
1093,9215_20210326_549.npy,300,9215_20210326
1094,9215_20210402_954.npy,300,9215_20210402
1095,9217_20210216_633.npy,350,9217_20210216
1096,9217_20210223_895.npy,375,9217_20210223
1097,9217_20210302_749.npy,350,9217_20210302
1098,9217_20210316_668.npy,325,9217_20210316
1099,9217_20210323_695.npy,350,9217_20210323
1100,9217_20210330_663.npy,325,9217_20210330
1101,9217_20210406_748.npy,325,9217_20210406
1102,9217_20210413_654.npy,325,9217_20210413
1103,9217_20210420_1081.npy,325,9217_20210420
1104,9217_20210427_795.npy,300,9217_20210427
1105,9217_20210504_748.npy,300,9217_20210504
1106,9221_20210119_730.npy,325,9221_20210119
1107,9221_20210126_702.npy,325,9221_20210126
1108,9221_20210202_683.npy,350,9221_20210202
1109,9221_20210212_659.npy,325,9221_20210212
1110,9221_20210219_670.npy,300,9221_20210219
1111,9221_20210226_1226.npy,325,9221_20210226
1112,9221_20210305_797.npy,325,9221_20210305
1113,9221_20210312_691.npy,300,9221_20210312
1114,9221_20210319_651.npy,325,9221_20210319
1115,9221_20210326_562.npy,300,9221_20210326
1116,9221_20210402_700.npy,275,9221_20210402
1117,9222_20210309_410.npy,375,9222_20210309
1118,9222_20210316_679.npy,375,9222_20210316
1119,9222_20210323_674.npy,400,9222_20210323
1120,9222_20210402_1258.npy,350,9222_20210402
1121,9222_20210409_683.npy,325,9222_20210409
1122,9222_20210416_597.npy,300,9222_20210416
1123,9222_20210423_419.npy,300,9222_20210423
1124,9222_20210430_481.npy,275,9222_20210430
1125,9222_20210507_1013.npy,300,9222_20210507
1126,9222_20210514_919.npy,275,9222_20210514
1127,9222_20210521_563.npy,275,9222_20210521
1128,9229_20210216_689.npy,425,9229_20210216
1129,9229_20210223_686.npy,375,9229_20210223
1130,9229_20210302_892.npy,375,9229_20210302
1131,9229_20210312_598.npy,375,9229_20210312
1132,9229_20210319_620.npy,400,9229_20210319
1133,9229_20210326_756.npy,350,9229_20210326
1134,9229_20210402_671.npy,375,9229_20210402
1135,9229_20210409_701.npy,375,9229_20210409
1136,9229_20210416_477.npy,350,9229_20210416
1137,9229_20210423_614.npy,325,9229_20210423
1138,9229_20210430_662.npy,325,9229_20210430
1139,9235_20210302_751.npy,400,9235_20210302
1140,9235_20210309_619.npy,450,9235_20210309
1141,9235_20210316_717.npy,450,9235_20210316
1142,9253_20210309_730.npy,425,9253_20210309
1143,9253_20210316_766.npy,400,9253_20210316
1144,9253_20210323_707.npy,400,9253_20210323
1145,9253_20210330_965.npy,375,9253_20210330
1146,9253_20210406_739.npy,350,9253_20210406
1147,9253_20210413_854.npy,325,9253_20210413
1148,9253_20210420_1235.npy,300,9253_20210420
1149,9253_20210427_855.npy,300,9253_20210427
1150,9253_20210504_1789.npy,300,9253_20210504
1151,9253_20210511_1318.npy,300,9253_20210511
1152,9253_20210518_850.npy,300,9253_20210518
1153,9267_20210316_770.npy,400,9267_20210316
1154,9267_20210323_745.npy,400,9267_20210323
1155,9267_20210330_1199.npy,375,9267_20210330
1156,9267_20210406_880.npy,350,9267_20210406
1157,9267_20210413_931.npy,300,9267_20210413
1158,9267_20210420_1703.npy,325,9267_20210420
1159,9267_20210427_912.npy,300,9267_20210427
1160,9267_20210504_876.npy,300,9267_20210504
1161,9267_20210511_653.npy,300,9267_20210511
1162,9267_20210518_737.npy,300,9267_20210518
1163,9267_20210525_714.npy,300,9267_20210525
